create database if not exists garage character set 'utf-8';
create table if not exists categorie (
	id int(11) NOT NULL AUTO_INCREMENT,
	categorie varchar(60) NOT NULL,
	primary key(id)
)
ENGINE=INNODB;
create table if not exists historique (
	ref_piece varchar(30) NOT NULL,
	date_entree date DEFAULT NULL,
	date_sortie date DEFAULT NULL,
	usure varchar(20) NOT NULL,
	primary key(ref_piece)
)
ENGINE=INNODB;
create table if not exists liste_pieces (
	id int(11) NOT NULL AUTO_INCREMENT,
	nom varchar(60) NOT NULL,
	categorie int(11) NOT NULL, 
	primary key(id)
)
ENGINE=INNODB;
create table if not exists marque (
	id int(11) NOT NULL AUTO_INCREMENT,
	nom varchar(60) NOT NULL,
	primary key(id)
)
ENGINE=INNODB;
create table if not exists pieces (
	reference varchar(30) NOT NULL,
	marque int(11) NOT NULL,
	categorie int(11) NOT NULL,
	piece int(11) NOT NULL,
	primary key(reference)
)
ENGINE=INNODB;
create table if not exists sous_categorie (
	id int(11) NOT NULL,
	nom varchar(60) NOT NULL,
	categorie int(11) NOT NULL,
	primary key(id)
)
ENGINE=INNODB;
create table if not exists stock (
	reference varchar(30) NOT NULL,
	usure varchar(20) NOT NULL,
	quantite int(6) NOT NULL,
	primary key(reference)
)
ENGINE=INNODB;

--marques de voitures : 128, https://www.ouestfrance-auto.com/marques-voitures/--
insert into marque values 
	(1,'Abarth'),
	(NULL,'Ac'),
	(NULL,'Aixam'),
	(NULL,'Alfa Roméo'),
	(NULL,'Alpina'),
	(NULL,'Alpine'),
	(NULL,'Amc'),
	(NULL,'Aston Martin'),
	(NULL,'Audi'),
	(NULL,'Austin Healey'),
	(NULL,'Autobianchi'),
	(NULL,'Auverland'),
	(NULL,'Bellier'),
	(NULL,'Bentley'),
	(NULL,'Bluecar'),
	(NULL,'BMW'),
	(NULL,'Buick'),
	(NULL,'Burbys'),
	(NULL,'Cadillac'),
	(NULL,'Carbodies'),
	(NULL,'Casalini'),
	(NULL,'Caterham'),
	(NULL,'Chatenet'),
	(NULL,'Chevrolet'),
	(NULL,'Chrysler'),
	(NULL,'Citroen'),
	(NULL,'Colani'),
	(NULL,'Cord'),
	(NULL,'Corvette'),
	(NULL,'Dacia'),
	(NULL,'Daihatsu'),
	(NULL,'Daimler'),
	(NULL,'Dangel'),
	(NULL,'De Tomaso'),
	(NULL,'Delorean'),
	(NULL,'Desoto'),
	(NULL,'Dodge'),
	(NULL,'Donkervoort'),
	(NULL,'DS'),
	(NULL,'Edsel'),
	(NULL,'Excalibur'),
	(NULL,'Ferrari'),
	(NULL,'Fiat'),
	(NULL,'Fisker'),
	(NULL,'Ford'),
	(NULL,'Gmc'),
	(NULL,'Grecav'),
	(NULL,'Honda'),
	(NULL,'Hummer'),
	(NULL,'Hyundai'),
	(NULL,'Infiniti'),
	(NULL,'International Harvester'),
	(NULL,'Isuzu'),
	(NULL,'Jaguar'),
	(NULL,'Jdm'),
	(NULL,'Jeep'),
	(NULL,'Jiayuan'),
	(NULL,'Kia'),
	(NULL,'Ktm'),
	(NULL,'Lada'),
	(NULL,'Lamborghini'),
	(NULL,'Lancia'),
	(NULL,'Land Rover'),
	(NULL,'Lasalle'),
	(NULL,'Lexus'),
	(NULL,'Ligier'),
	(NULL,'Lincoln'),
	(NULL,'Lotus'),
	(NULL,'Maserati'),
	(NULL,'Matra'),
	(NULL,'Mazda'),
	(NULL,'McLaren'),
	(NULL,'Mega'),
	(NULL,'Mercedes'),
	(NULL,'Mercury'),
	(NULL,'Mg'),
	(NULL,'Mia'),
	(NULL,'Microcar'),
	(NULL,'Mini'),
	(NULL,'Mitsubishi'),
	(NULL,'Morgan'),
	(NULL,'Mpm Motors'),
	(NULL,'Nash'),
	(NULL,'nissan'),
	(NULL,'Noun'),
	(NULL,'Nsu'),
	(NULL,'Oldsmobile'),
	(NULL,'Opel'),
	(NULL,'Packard'),
	(NULL,'Panther'),
	(NULL,'Peugeot'),
	(NULL,'Pgo'),
	(NULL,'Plymouth'),
	(NULL,'Pontiac'),
	(NULL,'Porsche'),
	(NULL,'Renault'),
	(NULL,'Rolls Royce'),
	(NULL,'Rover Mg'),
	(NULL,'Saab'),
	(NULL,'Seat'),
	(NULL,'Shelby'),
	(NULL,'Simca'),
	(NULL,'Skoda'),
	(NULL,'Smart'),
	(NULL,'Ssangyong'),
	(NULL,'Studebaker'),
	(NULL,'Subaru'),
	(NULL,'Suzuki'),
	(NULL,'Tempo'),
	(NULL,'Tesla'),
	(NULL,'Think'),
	(NULL,'Toyota'),
	(NULL,'Triumph'),
	(NULL,'Tvr'),
	(NULL,'Venturi'),
	(NULL,'Vespa'),
	(NULL,'Volkswagen'),
	(NULL,'Volvo'),
	(NULL,'Wiesman'),
	(NULL,'Willys'),
	(NULL,'Zenos')
;

--categories : webdealauto--
insert into categorie values
	(1,'Freinage'),
	(2,'Pneumatiques'),
	(3,'Suspension'),
	(4,'Direction'),
	(5,'Moteur'),
	(6,'Echappement'),
	(7,'Thermique'),
	(8,'Electricité'),
	(9,'Carrosserie'),
	(10,'Interieur')
;

insert into sous_categorie values
	(1,'disques/plaquettes',1),
	(NULL,'hydraulique',1),
	(NULL,'pneus/roues',2),
	(NULL,'enjoliveurs',2),
	(NULL,'suspension de roues',3),
	(NULL,'suspension/amortissement',3),
	(NULL,'pont',3),
	(NULL,'direction',4),
	(NULL,'essieu',4),
	(NULL,'roues',4),
	(NULL,'filtres',5),
	(NULL,'commandes à courroie',5),
	(NULL,'commandes à chaîne',5),
	(NULL,'préchauffage',5),
	(NULL,'pompes',5),
	(NULL,'embrayage',5),
	(NULL,'accessoires moteurs',5),
	(NULL,'lubrification',5),
	(NULL,'culasse de cylindre',5),
	(NULL,'mélange air/carburant',5),
	(NULL,'boite de vitesse manuelle',5),
	(NULL,'boite de vitesse automatique',5),
	(NULL,'embielage',5),
	(NULL,'distribution',5),
	(NULL,'turbo',5),
	(NULL,'alimentation air/carburant',5),
	(NULL,'transmission',5),
	(NULL,'alimentation en air',5),
	(NULL,'échappement',6),
	(NULL,'réadmission des gaz d\'échappement',6),
	(NULL,'système de refroidissement',7),
	(NULL,'climatisation',7),
	(NULL,'chauffage/ventilation',7),
	(NULL,'éclairage',8),
	(NULL,'démarrage',8),
	(NULL,'instruments',8),
	(NULL,'alternateur',8),
	(NULL,'rétroviseurs',9),
	(NULL,'pare-chocs',9),
	(NULL,'portes',9),
	(NULL,'ailes',9),
	(NULL,'attelage',9),
	(NULL,'essuis-glace',9),
	(NULL,'vitres',9),
	(NULL,'barres de toit',9),
	(NULL,'hayon coffre',10),
	(NULL,'éléments plastiques',10),
	(NULL,'compteur',10),
	(NULL,'sièges',10),
	(NULL,'poste de conduite',10)
;